Model,MAE,RMSE,R2
CO Linear Regression,5.114298825330494,7.655385333992481,0.8610855847232892
CO2 Linear Regression,5.777934606355737,8.020908866989311,0.909041954839766
